PRAGMA foreign_keys=OFF;
BEGIN TRANSACTION;
CREATE TABLE IF NOT EXISTS "django_migrations" ("id" integer NOT NULL PRIMARY KEY AUTOINCREMENT, "app" varchar(255) NOT NULL, "name" varchar(255) NOT NULL, "applied" datetime NOT NULL);
INSERT INTO django_migrations VALUES(1,'contenttypes','0001_initial','2025-04-05 10:03:49.998157');
INSERT INTO django_migrations VALUES(2,'auth','0001_initial','2025-04-05 10:03:50.007664');
INSERT INTO django_migrations VALUES(3,'admin','0001_initial','2025-04-05 10:03:50.013765');
INSERT INTO django_migrations VALUES(4,'admin','0002_logentry_remove_auto_add','2025-04-05 10:03:50.020772');
INSERT INTO django_migrations VALUES(5,'admin','0003_logentry_add_action_flag_choices','2025-04-05 10:03:50.025005');
INSERT INTO django_migrations VALUES(6,'contenttypes','0002_remove_content_type_name','2025-04-05 10:03:50.033532');
INSERT INTO django_migrations VALUES(7,'auth','0002_alter_permission_name_max_length','2025-04-05 10:03:50.039042');
INSERT INTO django_migrations VALUES(8,'auth','0003_alter_user_email_max_length','2025-04-05 10:03:50.045562');
INSERT INTO django_migrations VALUES(9,'auth','0004_alter_user_username_opts','2025-04-05 10:03:50.050570');
INSERT INTO django_migrations VALUES(10,'auth','0005_alter_user_last_login_null','2025-04-05 10:03:50.056085');
INSERT INTO django_migrations VALUES(11,'auth','0006_require_contenttypes_0002','2025-04-05 10:03:50.058085');
INSERT INTO django_migrations VALUES(12,'auth','0007_alter_validators_add_error_messages','2025-04-05 10:03:50.062600');
INSERT INTO django_migrations VALUES(13,'auth','0008_alter_user_username_max_length','2025-04-05 10:03:50.068600');
INSERT INTO django_migrations VALUES(14,'auth','0009_alter_user_last_name_max_length','2025-04-05 10:03:50.075111');
INSERT INTO django_migrations VALUES(15,'auth','0010_alter_group_name_max_length','2025-04-05 10:03:50.080613');
INSERT INTO django_migrations VALUES(16,'auth','0011_update_proxy_permissions','2025-04-05 10:03:50.085625');
INSERT INTO django_migrations VALUES(17,'auth','0012_alter_user_first_name_max_length','2025-04-05 10:03:50.090623');
INSERT INTO django_migrations VALUES(18,'sessions','0001_initial','2025-04-05 10:03:50.095737');
INSERT INTO django_migrations VALUES(19,'core','0001_initial','2025-04-05 10:07:56.461324');
INSERT INTO django_migrations VALUES(20,'core','0002_tournamentregistration','2025-04-05 14:05:34.455990');
CREATE TABLE IF NOT EXISTS "auth_group_permissions" ("id" integer NOT NULL PRIMARY KEY AUTOINCREMENT, "group_id" integer NOT NULL REFERENCES "auth_group" ("id") DEFERRABLE INITIALLY DEFERRED, "permission_id" integer NOT NULL REFERENCES "auth_permission" ("id") DEFERRABLE INITIALLY DEFERRED);
CREATE TABLE IF NOT EXISTS "auth_user_groups" ("id" integer NOT NULL PRIMARY KEY AUTOINCREMENT, "user_id" integer NOT NULL REFERENCES "auth_user" ("id") DEFERRABLE INITIALLY DEFERRED, "group_id" integer NOT NULL REFERENCES "auth_group" ("id") DEFERRABLE INITIALLY DEFERRED);
CREATE TABLE IF NOT EXISTS "auth_user_user_permissions" ("id" integer NOT NULL PRIMARY KEY AUTOINCREMENT, "user_id" integer NOT NULL REFERENCES "auth_user" ("id") DEFERRABLE INITIALLY DEFERRED, "permission_id" integer NOT NULL REFERENCES "auth_permission" ("id") DEFERRABLE INITIALLY DEFERRED);
CREATE TABLE IF NOT EXISTS "django_admin_log" ("id" integer NOT NULL PRIMARY KEY AUTOINCREMENT, "object_id" text NULL, "object_repr" varchar(200) NOT NULL, "action_flag" smallint unsigned NOT NULL CHECK ("action_flag" >= 0), "change_message" text NOT NULL, "content_type_id" integer NULL REFERENCES "django_content_type" ("id") DEFERRABLE INITIALLY DEFERRED, "user_id" integer NOT NULL REFERENCES "auth_user" ("id") DEFERRABLE INITIALLY DEFERRED, "action_time" datetime NOT NULL);
INSERT INTO django_admin_log VALUES(1,'3','saimon',3,'',4,1,'2025-04-05 11:13:51.415709');
INSERT INTO django_admin_log VALUES(2,'4','saisai',3,'',4,1,'2025-04-05 11:13:51.415709');
INSERT INTO django_admin_log VALUES(3,'2','simi',3,'',4,1,'2025-04-05 11:13:51.415709');
INSERT INTO django_admin_log VALUES(4,'1','UserProfile object (1)',2,'[]',10,1,'2025-04-05 13:51:49.767735');
INSERT INTO django_admin_log VALUES(5,'6','saisai',3,'',4,1,'2025-04-05 14:05:59.610179');
INSERT INTO django_admin_log VALUES(6,'1','Tournament object (1)',1,'[{"added": {}}]',7,1,'2025-04-05 14:06:37.134571');
INSERT INTO django_admin_log VALUES(7,'2','Tournament object (2)',1,'[{"added": {}}]',7,1,'2025-04-05 14:06:49.573611');
INSERT INTO django_admin_log VALUES(8,'3','Tournament object (3)',1,'[{"added": {}}]',7,1,'2025-04-05 14:07:06.616427');
INSERT INTO django_admin_log VALUES(9,'3','TournamentRegistration object (3)',3,'',11,1,'2025-04-05 14:35:13.935490');
INSERT INTO django_admin_log VALUES(10,'2','TournamentRegistration object (2)',3,'',11,1,'2025-04-05 14:35:13.935490');
INSERT INTO django_admin_log VALUES(11,'1','TournamentRegistration object (1)',3,'',11,1,'2025-04-05 14:35:13.935490');
INSERT INTO django_admin_log VALUES(12,'5','TournamentRegistration object (5)',3,'',11,1,'2025-04-05 14:37:32.200478');
INSERT INTO django_admin_log VALUES(13,'4','TournamentRegistration object (4)',3,'',11,1,'2025-04-05 14:37:32.200478');
INSERT INTO django_admin_log VALUES(14,'1','Match object (1)',1,'[{"added": {}}]',9,1,'2025-04-06 08:43:10.597827');
INSERT INTO django_admin_log VALUES(15,'2','Match object (2)',1,'[{"added": {}}]',9,1,'2025-04-06 08:43:32.709770');
INSERT INTO django_admin_log VALUES(16,'1','Score object (1)',1,'[{"added": {}}]',8,1,'2025-04-06 08:51:53.101121');
INSERT INTO django_admin_log VALUES(17,'2','Score object (2)',1,'[{"added": {}}]',8,1,'2025-04-06 08:52:00.560922');
INSERT INTO django_admin_log VALUES(18,'3','Match object (3)',1,'[{"added": {}}]',9,1,'2025-04-06 09:53:59.660975');
INSERT INTO django_admin_log VALUES(19,'3','Match object (3)',2,'[{"changed": {"fields": ["Referee"]}}]',9,1,'2025-04-06 09:54:21.435831');
INSERT INTO django_admin_log VALUES(20,'8','TournamentRegistration object (8)',3,'',11,1,'2025-04-06 10:15:16.028079');
INSERT INTO django_admin_log VALUES(21,'7','TournamentRegistration object (7)',3,'',11,1,'2025-04-06 10:15:16.028079');
INSERT INTO django_admin_log VALUES(22,'4','Tournament object (4)',1,'[{"added": {}}]',7,1,'2025-04-06 10:15:40.291037');
INSERT INTO django_admin_log VALUES(23,'5','Tournament object (5)',1,'[{"added": {}}]',7,1,'2025-04-06 10:15:55.304195');
INSERT INTO django_admin_log VALUES(24,'4','Match object (4)',1,'[{"added": {}}]',9,1,'2025-04-06 10:17:25.232561');
INSERT INTO django_admin_log VALUES(25,'5','Match object (5)',1,'[{"added": {}}]',9,1,'2025-04-06 10:17:40.585114');
INSERT INTO django_admin_log VALUES(26,'4','Score object (4)',1,'[{"added": {}}]',8,1,'2025-04-06 10:17:48.995925');
INSERT INTO django_admin_log VALUES(27,'5','Score object (5)',1,'[{"added": {}}]',8,1,'2025-04-06 10:17:53.585193');
INSERT INTO django_admin_log VALUES(28,'6','Tournament object (6)',1,'[{"added": {}}]',7,1,'2025-04-06 10:18:21.281112');
INSERT INTO django_admin_log VALUES(29,'4','Match object (4)',2,'[]',9,1,'2025-04-06 10:19:53.402723');
INSERT INTO django_admin_log VALUES(30,'4','Match object (4)',2,'[]',9,1,'2025-04-06 10:19:54.834081');
INSERT INTO django_admin_log VALUES(31,'4','Match object (4)',2,'[{"changed": {"fields": ["Referee"]}}]',9,1,'2025-04-06 10:32:43.509386');
INSERT INTO django_admin_log VALUES(32,'7','Tournament object (7)',1,'[{"added": {}}]',7,1,'2025-04-06 10:35:53.506024');
INSERT INTO django_admin_log VALUES(33,'6','Match object (6)',1,'[{"added": {}}]',9,1,'2025-04-06 11:51:34.578080');
INSERT INTO django_admin_log VALUES(34,'6','Score object (6)',1,'[{"added": {}}]',8,1,'2025-04-06 11:52:10.273078');
CREATE TABLE IF NOT EXISTS "django_content_type" ("id" integer NOT NULL PRIMARY KEY AUTOINCREMENT, "app_label" varchar(100) NOT NULL, "model" varchar(100) NOT NULL);
INSERT INTO django_content_type VALUES(1,'admin','logentry');
INSERT INTO django_content_type VALUES(2,'auth','permission');
INSERT INTO django_content_type VALUES(3,'auth','group');
INSERT INTO django_content_type VALUES(4,'auth','user');
INSERT INTO django_content_type VALUES(5,'contenttypes','contenttype');
INSERT INTO django_content_type VALUES(6,'sessions','session');
INSERT INTO django_content_type VALUES(7,'core','tournament');
INSERT INTO django_content_type VALUES(8,'core','score');
INSERT INTO django_content_type VALUES(9,'core','match');
INSERT INTO django_content_type VALUES(10,'core','userprofile');
INSERT INTO django_content_type VALUES(11,'core','tournamentregistration');
CREATE TABLE IF NOT EXISTS "auth_permission" ("id" integer NOT NULL PRIMARY KEY AUTOINCREMENT, "content_type_id" integer NOT NULL REFERENCES "django_content_type" ("id") DEFERRABLE INITIALLY DEFERRED, "codename" varchar(100) NOT NULL, "name" varchar(255) NOT NULL);
INSERT INTO auth_permission VALUES(1,1,'add_logentry','Can add log entry');
INSERT INTO auth_permission VALUES(2,1,'change_logentry','Can change log entry');
INSERT INTO auth_permission VALUES(3,1,'delete_logentry','Can delete log entry');
INSERT INTO auth_permission VALUES(4,1,'view_logentry','Can view log entry');
INSERT INTO auth_permission VALUES(5,2,'add_permission','Can add permission');
INSERT INTO auth_permission VALUES(6,2,'change_permission','Can change permission');
INSERT INTO auth_permission VALUES(7,2,'delete_permission','Can delete permission');
INSERT INTO auth_permission VALUES(8,2,'view_permission','Can view permission');
INSERT INTO auth_permission VALUES(9,3,'add_group','Can add group');
INSERT INTO auth_permission VALUES(10,3,'change_group','Can change group');
INSERT INTO auth_permission VALUES(11,3,'delete_group','Can delete group');
INSERT INTO auth_permission VALUES(12,3,'view_group','Can view group');
INSERT INTO auth_permission VALUES(13,4,'add_user','Can add user');
INSERT INTO auth_permission VALUES(14,4,'change_user','Can change user');
INSERT INTO auth_permission VALUES(15,4,'delete_user','Can delete user');
INSERT INTO auth_permission VALUES(16,4,'view_user','Can view user');
INSERT INTO auth_permission VALUES(17,5,'add_contenttype','Can add content type');
INSERT INTO auth_permission VALUES(18,5,'change_contenttype','Can change content type');
INSERT INTO auth_permission VALUES(19,5,'delete_contenttype','Can delete content type');
INSERT INTO auth_permission VALUES(20,5,'view_contenttype','Can view content type');
INSERT INTO auth_permission VALUES(21,6,'add_session','Can add session');
INSERT INTO auth_permission VALUES(22,6,'change_session','Can change session');
INSERT INTO auth_permission VALUES(23,6,'delete_session','Can delete session');
INSERT INTO auth_permission VALUES(24,6,'view_session','Can view session');
INSERT INTO auth_permission VALUES(25,7,'add_tournament','Can add tournament');
INSERT INTO auth_permission VALUES(26,7,'change_tournament','Can change tournament');
INSERT INTO auth_permission VALUES(27,7,'delete_tournament','Can delete tournament');
INSERT INTO auth_permission VALUES(28,7,'view_tournament','Can view tournament');
INSERT INTO auth_permission VALUES(29,8,'add_score','Can add score');
INSERT INTO auth_permission VALUES(30,8,'change_score','Can change score');
INSERT INTO auth_permission VALUES(31,8,'delete_score','Can delete score');
INSERT INTO auth_permission VALUES(32,8,'view_score','Can view score');
INSERT INTO auth_permission VALUES(33,9,'add_match','Can add match');
INSERT INTO auth_permission VALUES(34,9,'change_match','Can change match');
INSERT INTO auth_permission VALUES(35,9,'delete_match','Can delete match');
INSERT INTO auth_permission VALUES(36,9,'view_match','Can view match');
INSERT INTO auth_permission VALUES(37,10,'add_userprofile','Can add user profile');
INSERT INTO auth_permission VALUES(38,10,'change_userprofile','Can change user profile');
INSERT INTO auth_permission VALUES(39,10,'delete_userprofile','Can delete user profile');
INSERT INTO auth_permission VALUES(40,10,'view_userprofile','Can view user profile');
INSERT INTO auth_permission VALUES(41,11,'add_tournamentregistration','Can add tournament registration');
INSERT INTO auth_permission VALUES(42,11,'change_tournamentregistration','Can change tournament registration');
INSERT INTO auth_permission VALUES(43,11,'delete_tournamentregistration','Can delete tournament registration');
INSERT INTO auth_permission VALUES(44,11,'view_tournamentregistration','Can view tournament registration');
CREATE TABLE IF NOT EXISTS "auth_group" ("id" integer NOT NULL PRIMARY KEY AUTOINCREMENT, "name" varchar(150) NOT NULL UNIQUE);
CREATE TABLE IF NOT EXISTS "auth_user" ("id" integer NOT NULL PRIMARY KEY AUTOINCREMENT, "password" varchar(128) NOT NULL, "last_login" datetime NULL, "is_superuser" bool NOT NULL, "username" varchar(150) NOT NULL UNIQUE, "last_name" varchar(150) NOT NULL, "email" varchar(254) NOT NULL, "is_staff" bool NOT NULL, "is_active" bool NOT NULL, "date_joined" datetime NOT NULL, "first_name" varchar(150) NOT NULL);
INSERT INTO auth_user VALUES(1,'pbkdf2_sha256$1000000$6S7RvOLS3UQYMMyIEVnGD7$hHdUw9BMgtdnYzk1smSz9ny4BFanQS6TGww2oC++p5E=','2025-04-06 11:51:16.049183',1,'admin','','',1,1,'2025-04-05 10:04:20.311823','');
INSERT INTO auth_user VALUES(5,'pbkdf2_sha256$1000000$IBLxG6EvJ5QTWzLkePUNwo$s99ZP1ue/rd1npyTVOgovDSahg+38WQhQgLMpTTqZbs=','2025-04-06 10:50:14.018731',0,'simi','','bruh@gmail.com',0,1,'2025-04-05 11:27:30.794196','');
INSERT INTO auth_user VALUES(7,'pbkdf2_sha256$1000000$nSU1oFmG36Vwg7FxwXjDFF$t05tjRb43YJUOrZGCQLE8AJy/uk2FZd6CEeMexauVeo=','2025-04-06 10:18:48.250688',0,'user222','','usery@gmail.com',0,1,'2025-04-05 14:38:28.099050','');
INSERT INTO auth_user VALUES(9,'pbkdf2_sha256$1000000$sgJV5Oy9Jck9anOn8gBEWA$gTpOgsyK+uAWmaxWKoegVtohakqoWmPwbkcTXli6MXQ=','2025-04-06 10:32:49.349926',0,'referee','','referee@gmail.com',0,1,'2025-04-05 14:50:57.701221','');
INSERT INTO auth_user VALUES(10,'pbkdf2_sha256$1000000$cIkubvbPTJJT1EgDiSTpxi$cwl6lrthWXqmonr1WtnpLoWf/uGCnSzoGvgM4WQQ8yU=','2025-04-06 11:09:43.013394',0,'adminUser','','adminUser@gmail.com',0,1,'2025-04-05 16:10:47.692732','');
INSERT INTO auth_user VALUES(12,'pbkdf2_sha256$1000000$fm85KMHzLn2zUbyMDxmcAE$YlML/VKrnKJovWdyCl7FUgXbxE4ckQR37kebKhxE6vo=','2025-04-06 10:59:17.844563',0,'simike12','','simike@gmail.com',0,1,'2025-04-06 10:59:17.362271','');
CREATE TABLE IF NOT EXISTS "django_session" ("session_key" varchar(40) NOT NULL PRIMARY KEY, "session_data" text NOT NULL, "expire_date" datetime NOT NULL);
INSERT INTO django_session VALUES('l4ebpgs9dyxdf38dlww67bn55fy3ykix','e30:1u11hg:FV48_vjT6PjDUtvbDlzLEj6JbfuoB0p_ebjtAxxFOIE','2025-04-19 11:28:48.997977');
INSERT INTO django_session VALUES('6hgfg6411eztuzxq29bcwvhmgcal80sh','e30:1u11i8:jcXwjO58jFheci3t5qmx_Op4NwegCgthoGZzEYHRy3k','2025-04-19 11:29:16.569968');
INSERT INTO django_session VALUES('0qfyu0yw6pd6dlrvl6lw0ha6j149xas2','.eJxVjDsOwjAQBe_iGln-L6akzxmsdXbBAWRLcVIh7o4spYD2zcx7i4T7VtLeeU0LiYvQ4vS7ZZyfXAegB9Z7k3Or27pkORR50C6nRvy6Hu7fQcFeRs0eI2QTyRoAfQsRPKPRQCp6mxW7gGCCP1siyjaCC56BMijnXDQkPl_R2zcs:1u1OWy:uC8ihYI-ONFgFYG9umz7SQkDi9rSLPFwFd7OW6ZvHYI','2025-04-20 11:51:16.052687');
CREATE TABLE IF NOT EXISTS "core_tournament" ("id" integer NOT NULL PRIMARY KEY AUTOINCREMENT, "name" varchar(100) NOT NULL, "location" varchar(100) NOT NULL, "start_date" date NOT NULL, "end_date" date NOT NULL);
INSERT INTO core_tournament VALUES(2,'Tournament T2','Bucharest','2025-04-05','2025-07-17');
INSERT INTO core_tournament VALUES(3,'Tournament T3','Tokyo','2025-04-05','2025-09-12');
INSERT INTO core_tournament VALUES(4,'Tournament T3','Budapest','2025-04-26','2025-06-12');
INSERT INTO core_tournament VALUES(5,'Tournament T5','Berlin','2025-05-01','2025-06-12');
INSERT INTO core_tournament VALUES(6,'Tournament T6','Moscow','2025-05-15','2025-04-10');
CREATE TABLE IF NOT EXISTS "core_match" ("id" integer NOT NULL PRIMARY KEY AUTOINCREMENT, "date" datetime NOT NULL, "location" varchar(100) NOT NULL, "player1_id" integer NOT NULL REFERENCES "auth_user" ("id") DEFERRABLE INITIALLY DEFERRED, "player2_id" integer NOT NULL REFERENCES "auth_user" ("id") DEFERRABLE INITIALLY DEFERRED, "referee_id" integer NULL REFERENCES "auth_user" ("id") DEFERRABLE INITIALLY DEFERRED, "tournament_id" bigint NOT NULL REFERENCES "core_tournament" ("id") DEFERRABLE INITIALLY DEFERRED);
INSERT INTO core_match VALUES(1,'2025-05-14 06:00:00','Arena 2',5,7,9,2);
INSERT INTO core_match VALUES(2,'2025-06-11 18:00:00','Arena 4',5,7,9,3);
INSERT INTO core_match VALUES(3,'2025-04-06 12:00:00','bla',1,10,9,2);
INSERT INTO core_match VALUES(5,'2025-05-08 12:00:00','bla',5,7,9,4);
INSERT INTO core_match VALUES(6,'2025-04-08 06:00:00','asdasda',12,5,9,4);
CREATE TABLE IF NOT EXISTS "core_score" ("id" integer NOT NULL PRIMARY KEY AUTOINCREMENT, "player1_score" integer unsigned NOT NULL CHECK ("player1_score" >= 0), "player2_score" integer unsigned NOT NULL CHECK ("player2_score" >= 0), "match_id" bigint NOT NULL UNIQUE REFERENCES "core_match" ("id") DEFERRABLE INITIALLY DEFERRED);
INSERT INTO core_score VALUES(1,1,0,1);
INSERT INTO core_score VALUES(2,1,1,2);
INSERT INTO core_score VALUES(3,0,0,3);
INSERT INTO core_score VALUES(5,1,1,5);
INSERT INTO core_score VALUES(6,2,2,6);
CREATE TABLE IF NOT EXISTS "core_userprofile" ("id" integer NOT NULL PRIMARY KEY AUTOINCREMENT, "role" varchar(10) NOT NULL, "user_id" integer NOT NULL UNIQUE REFERENCES "auth_user" ("id") DEFERRABLE INITIALLY DEFERRED);
INSERT INTO core_userprofile VALUES(1,'player',5);
INSERT INTO core_userprofile VALUES(3,'player',7);
INSERT INTO core_userprofile VALUES(5,'referee',9);
INSERT INTO core_userprofile VALUES(6,'admin',10);
INSERT INTO core_userprofile VALUES(8,'player',12);
CREATE TABLE IF NOT EXISTS "core_tournamentregistration" ("id" integer NOT NULL PRIMARY KEY AUTOINCREMENT, "registered_at" datetime NOT NULL, "player_id" integer NOT NULL REFERENCES "auth_user" ("id") DEFERRABLE INITIALLY DEFERRED, "tournament_id" bigint NOT NULL REFERENCES "core_tournament" ("id") DEFERRABLE INITIALLY DEFERRED);
INSERT INTO core_tournamentregistration VALUES(9,'2025-04-06 10:16:18.289294',5,3);
INSERT INTO core_tournamentregistration VALUES(10,'2025-04-06 10:16:19.068090',5,2);
INSERT INTO core_tournamentregistration VALUES(11,'2025-04-06 10:16:20.201117',5,4);
INSERT INTO core_tournamentregistration VALUES(13,'2025-04-06 10:18:56.447647',7,6);
INSERT INTO core_tournamentregistration VALUES(14,'2025-04-06 10:47:58.130466',5,6);
INSERT INTO core_tournamentregistration VALUES(15,'2025-04-06 10:50:18.135918',5,5);
DELETE FROM sqlite_sequence;
INSERT INTO sqlite_sequence VALUES('django_migrations',20);
INSERT INTO sqlite_sequence VALUES('django_admin_log',34);
INSERT INTO sqlite_sequence VALUES('django_content_type',11);
INSERT INTO sqlite_sequence VALUES('auth_permission',44);
INSERT INTO sqlite_sequence VALUES('auth_group',0);
INSERT INTO sqlite_sequence VALUES('auth_user',12);
INSERT INTO sqlite_sequence VALUES('core_userprofile',8);
INSERT INTO sqlite_sequence VALUES('core_tournament',10);
INSERT INTO sqlite_sequence VALUES('core_tournamentregistration',15);
INSERT INTO sqlite_sequence VALUES('core_match',6);
INSERT INTO sqlite_sequence VALUES('core_score',6);
CREATE UNIQUE INDEX "auth_group_permissions_group_id_permission_id_0cd325b0_uniq" ON "auth_group_permissions" ("group_id", "permission_id");
CREATE INDEX "auth_group_permissions_group_id_b120cbf9" ON "auth_group_permissions" ("group_id");
CREATE INDEX "auth_group_permissions_permission_id_84c5c92e" ON "auth_group_permissions" ("permission_id");
CREATE UNIQUE INDEX "auth_user_groups_user_id_group_id_94350c0c_uniq" ON "auth_user_groups" ("user_id", "group_id");
CREATE INDEX "auth_user_groups_user_id_6a12ed8b" ON "auth_user_groups" ("user_id");
CREATE INDEX "auth_user_groups_group_id_97559544" ON "auth_user_groups" ("group_id");
CREATE UNIQUE INDEX "auth_user_user_permissions_user_id_permission_id_14a6b632_uniq" ON "auth_user_user_permissions" ("user_id", "permission_id");
CREATE INDEX "auth_user_user_permissions_user_id_a95ead1b" ON "auth_user_user_permissions" ("user_id");
CREATE INDEX "auth_user_user_permissions_permission_id_1fbb5f2c" ON "auth_user_user_permissions" ("permission_id");
CREATE INDEX "django_admin_log_content_type_id_c4bce8eb" ON "django_admin_log" ("content_type_id");
CREATE INDEX "django_admin_log_user_id_c564eba6" ON "django_admin_log" ("user_id");
CREATE UNIQUE INDEX "django_content_type_app_label_model_76bd3d3b_uniq" ON "django_content_type" ("app_label", "model");
CREATE UNIQUE INDEX "auth_permission_content_type_id_codename_01ab375a_uniq" ON "auth_permission" ("content_type_id", "codename");
CREATE INDEX "auth_permission_content_type_id_2f476e4b" ON "auth_permission" ("content_type_id");
CREATE INDEX "django_session_expire_date_a5c62663" ON "django_session" ("expire_date");
CREATE INDEX "core_match_player1_id_8bf89a1c" ON "core_match" ("player1_id");
CREATE INDEX "core_match_player2_id_c920f3c6" ON "core_match" ("player2_id");
CREATE INDEX "core_match_referee_id_0d76afec" ON "core_match" ("referee_id");
CREATE INDEX "core_match_tournament_id_430d2945" ON "core_match" ("tournament_id");
CREATE UNIQUE INDEX "core_tournamentregistration_player_id_tournament_id_d7efd836_uniq" ON "core_tournamentregistration" ("player_id", "tournament_id");
CREATE INDEX "core_tournamentregistration_player_id_123deded" ON "core_tournamentregistration" ("player_id");
CREATE INDEX "core_tournamentregistration_tournament_id_a8bd0624" ON "core_tournamentregistration" ("tournament_id");
COMMIT;
